Type,Ancre,Pourcentage cible
marque,betify,30-40%
marque,betify-eu.net,30-40%
marque,BETIFY,30-40%
marque,betify officiel,30-40%
marque,betify-eu.net,30-40%
marque,betify,30-40%
marque,site betify,30-40%
url_nue,https://betify-eu.net/,15-25%
url_nue,https://betify-eu.net,15-25%
url_nue,www.betify-eu.net,15-25%
url_nue,betify-eu.net,15-25%
generique,cette page,15-20%
generique,sur ce site,15-20%
generique,voir le site,15-20%
partielle,betify - betify,10-20%
partielle,betify avis - betify,10-20%
partielle,meilleur betify avis,10-20%
exacte,betify casino,5-10%
longue_traine,comment betify casino,5-10%
