type,ancre,pourcentage_cible
generique,en savoir plus,20%
longue_traine,avis betify pour débutants,5%
url_nue,www.betify-eu.net,20%
generique,voir l'article,20%
marque,Betify,35%
partielle,guide code promo betify sans dépôt,15%
partielle,betify casino gratuit,15%
generique,plus d'infos,20%
url_nue,betify-eu.net/,20%
url_nue,https://betify-eu.net/,20%
url_nue,betify-eu.net/,20%
partielle,bytes betify france,15%
marque,www.betify-eu.net,35%
exacte,betify,5%
marque,betify officiel,35%
url_nue,betify-eu.net,20%
url_nue,https://betify-eu.net/,20%
longue_traine,betify avis pour débutants,5%
marque,betify officiel,35%
partielle,meilleur betify download,15%
partielle,top betify offre de bienvenue,15%
partielle,top betify avis forum,15%
marque,site betify,35%
url_nue,betify-eu.net/,20%
marque,site betify,35%
marque,betify,35%
marque,plateforme betify,35%
generique,lire la suite,20%
partielle,betify apk comparatif,15%
marque,Betify,35%
generique,découvrir,20%
marque,www.betify-eu.net,35%
generique,voir le site,20%
url_nue,https://betify-eu.net/,20%
marque,betify-eu.net,35%
partielle,casino betify en ligne,15%
marque,Betify,35%
longue_traine,quel casino en ligne betify choisir,5%
partielle,betify pro comparatif,15%
marque,site betify,35%
marque,betify-eu.net,35%
marque,BETIFY,35%
marque,site betify,35%
url_nue,https://betify-eu.net,20%
generique,lire l'article,20%
generique,ici,20%
marque,plateforme betify,35%
marque,plateforme betify,35%
longue_traine,tout savoir sur code promo betify casino,5%
generique,sur ce site,20%
marque,Betify,35%
partielle,betify sh en ligne,15%
marque,Betify,35%
marque,plateforme betify,35%
partielle,betify retrait 2024,15%
url_nue,https://betify-eu.net,20%
exacte,betify,5%
marque,BETIFY,35%
url_nue,betify-eu.net/,20%
marque,betify officiel,35%
url_nue,betify-eu.net,20%
marque,betify,35%
marque,betify officiel,35%
url_nue,betify-eu.net,20%
marque,betify,35%
exacte,betify casino,5%
marque,betify-eu.net,35%
generique,voir ici,20%
longue_traine,retrait betify pour débutants,5%
marque,Betify,35%
marque,Betify,35%
generique,cliquez ici,20%
partielle,bytes betify 2024,15%
url_nue,https://betify-eu.net/,20%
url_nue,https://betify-eu.net,20%
generique,consultez,20%
generique,lire la suite,20%
generique,accéder,20%
marque,betify officiel,35%
url_nue,www.betify-eu.net,20%
exacte,betify,5%
url_nue,https://betify-eu.net,20%
marque,plateforme betify,35%
generique,plus de détails,20%
url_nue,betify-eu.net,20%
url_nue,www.betify-eu.net,20%
generique,voir ici,20%
marque,BETIFY,35%
partielle,betify apk sécurisé,15%
marque,plateforme betify,35%
generique,cette page,20%
generique,ce lien,20%
exacte,betify,5%
url_nue,www.betify-eu.net,20%
generique,plus d'infos,20%
generique,visiter,20%
marque,plateforme betify,35%
marque,betify-eu.net,35%
partielle,betify retrait combien de temps comparatif,15%
partielle,betify apk avis,15%
